{"mobilenet": {"euclidean": {"map50": 2.047923398029584, "map100": 2.200292386185331}}, "resnet50": {"euclidean": {"map50": 10.682833046048115, "map100": 12.984999711878743}}, "vgg16": {"euclidean": {"map50": 16.706846499946096, "map100": 23.363651616419087}}, "sift": {"euclidean": {"map50": 1.0520879765395894, "map100": 1.0623662814099248}}, "orb": {"euclidean": {"map50": 1.019161548283691, "map100": 1.1654316124239807}}, "glcm": {"euclidean": {"map50": 5.894364831624227, "map100": 7.503745909036023}}, "histo": {"euclidean": {"map50": 8.221066110883873, "map100": 9.589411293231226}}, "lbp": {"euclidean": {"map50": 3.9904440839830495, "map100": 4.454672916446028}}}