{"sift": {"euclidean": {"map50": 1.0520879765395894, "map100": 1.0623662814099248}}, "orb": {"euclidean": {"map50": 1.019161548283691, "map100": 1.1654316124239807}}, "glcm": {"euclidean": {"map50": 5.894364831624227, "map100": 7.503745909036023}, "bhatta": {"map50": 8.844254061144692, "map100": 12.83486116763451}}, "histo": {"euclidean": {"map50": 8.221066110883873, "map100": 9.589411293231226}, "bhatta": {"map50": 9.524651338429614, "map100": 12.122144362535273}}, "lbp": {"euclidean": {"map50": 3.9904440839830495, "map100": 4.454672916446028}, "bhatta": {"map50": 1.032186450255556, "map100": 1.260641284157052}}, "mobilenet": {"euclidean": {"map50": 2.047923398029584, "map100": 2.200292386185331}}, "resnet50": {"euclidean": {"map50": 10.682833046048115, "map100": 12.984999711878743}, "bhatta": {"map50": 15.354419544622111, "map100": 20.02513049386115}, "chi2_distance": {"map50": 15.081119246794515, "map100": 19.326987733184254}}, "vgg16": {"euclidean": {"map50": 16.706846499946096, "map100": 23.363651616419087}, "bhatta": {"map50": 20.47865130471721, "map100": 28.658176580211382}, "chi2_distance": {"map50": 19.63608103430523, "map100": 27.590113194997908}}, "inception_v3": {"euclidean": {"map50": 1.066039477191651, "map100": 1.1081221446263414}}, "vgg19": {"euclidean": {"map50": 14.984793151185775, "map100": 21.86372298914741}, "bhatta": {"map50": 18.582064864259006, "map100": 26.717686845072933}, "chi2_distance": {"map50": 18.25691025382435, "map100": 26.407451812025652}}, "xception": {"euclidean": {"map50": 1.8651384815900944, "map100": 1.8990218618805386}}, "vgg19_vgg16": {"euclidean": {"map50": 16.64491843900508, "map100": 23.802423139144977}, "chi2_distance": {"map50": 20.14996230812342, "map100": 28.81571051913282}, "bhatta": {"map50": 20.367913601499843, "map100": 29.712017900816196}}, "lbp_histo": {"bhatta": {"map50": 8.595177845188433, "map100": 11.798248796199282}, "euclidean": {"map50": 8.34389718950312, "map100": 9.651265555225587}}, "lbp_glcm": {"bhatta": {"map50": 1.032186450255556, "map100": 1.2608410113327138}, "euclidean": {"map50": 3.9904440839830495, "map100": 4.454672916446028}}}